pathway,pH,temp,O2,redox
"pathway_id,description",7.2483570765056164,293.847120860992,0.14052137666182019,0.2323756605216381
"map01100,Metabolic pathways",6.930867849414407,304.32781866106285,0.1277300626521554,-0.18547062683811483
"map01110,Biosynthesis of secondary metabolites",7.323844269050346,320.70692857804397,0.261128521600482,0.047673796546957026
"map01120,Microbial metabolism in diverse environments",7.761514928204012,299.818662550585,0.3319876203169636,0.19503952595648597
"map01200,Carbon metabolism",6.882923312638332,300.48220586300334,0.2792136409255259,0.10021883398796905
"map01210,2-Oxocarboxylic acid metabolism",6.88293152152541,293.40639100459754,0.238195456002618,0.03791632331974868
"map01212,Fatty acid metabolism",7.789606407753696,289.5015563053521,0.2397377170832643,0.20020921851342824
"map01232,Nucleotide metabolism",6.765262807032524,289.43916174091135,0.24794642948933826,0.13557506390618154
"map01250,Biosynthesis of nucleotide sugars",7.2712800217929825,298.71566237219395,0.22405957119846878,-0.13081513662548477
"map01240,Biosynthesis of cofactors",6.768291153593768,293.2234255323488,0.21521005519759379,-0.3661265793712914
"map01220,Degradation of aromatic compounds",6.767135123214872,302.78979825746393,0.20687034360502388,0.10224051990499615
"map01310,Nitrogen cycle",7.120981135783017,301.3366210528695,0.17230177055666618,0.27473170903259153
"map01320,Sulfur cycle",6.043359877671101,308.375399442579,0.19596624615666128,-0.027489702925538373
"map00010,Glycolysis / Gluconeogenesis",6.137541083743484,292.8998360114525,0.12535215929023072,0.19057490944058778
"map00020,Citrate cycle (TCA cycle)",6.718856235379514,295.3012506470663,0.2050830186602625,0.3224556515977291
"map00030,Pentose phosphate pathway",6.493584439832788,288.2123628421769,0.16057044464245412,0.26298289071680947
"map00040,Pentose and glucuronate interconversions",7.157123666297637,293.55706739923886,0.15482053413921143,0.3279929058742786
"map00051,Fructose and mannose metabolism",6.545987962239394,301.7730049304485,0.21899470755767392,0.14842549821437845
"map00052,Galactose metabolism",6.293848149332354,305.5698861664535,0.27960011431723,0.015086727780318561
"map00053,Ascorbate and aldarate metabolism",7.732824384460777,288.77834675822373,0.25591583030011567,-0.3203931623794337
"map00500,Starch and sucrose metabolism",6.8871118497567325,306.6960592010566,0.13147496981884113,-0.04921249762598972
"map00620,Pyruvate metabolism",7.033764102343962,311.5563785880495,0.16051859317148312,-0.16864931906323835
"map00630,Glyoxylate and dicarboxylate metabolism",6.287625906893272,302.134349032237,0.2570385593994108,0.43418854349956276
"map00640,Propanoate metabolism",6.727808637737409,316.76795812558066,0.1608756303230845,-0.03517716248646732
"map00650,Butanoate metabolism",7.055461294854933,290.2621080089643,0.19876834250014877,0.024640961356897136
"map00660,C5-Branched dibasic acid metabolism",6.424503211288848,285.55345296688586,0.2375026049512276,0.11029707520809351
"map00562,Inositol phosphate metabolism",7.187849009172836,280.2127975109572,0.16158277725681822,0.008720489274490746
"map00190,Oxidative phosphorylation",6.699680655040598,312.96044311489186,0.215268775307298,0.3390102080861506
"map00195,Photosynthesis",6.854153125103362,304.5436565635406,0.14329872525408976,-0.12452987234689039
"map00196,Photosynthesis - antenna proteins",6.699146693885302,297.44415329089543,0.1799316178024393,0.03892149104744855
"map00710,Carbon fixation by Calvin cycle",7.926139092254469,300.7996862631982,0.22598909670712683,-0.14849411713960967
"map00720,Other carbon fixation pathways",6.993251387631033,286.7451095270162,0.1303503133234165,-0.2640045022441412
"map00680,Methane metabolism",6.47114453552205,322.45751979616824,0.23202373689801994,-0.12235381818105709
"map00910,Nitrogen metabolism",7.411272456051594,299.29221181975225,0.20901811005366594,-0.007407359409682405
"map00920,Sulfur metabolism",6.389578175014488,299.09394794604896,0.2376244977208574,-0.085860444903452
"map00061,Fatty acid biosynthesis",7.104431797502378,305.2576662389869,0.22119570670323307,-0.1384841959747712
"map00062,Fatty acid elongation",6.0201649380601125,302.81009231736715,0.2782070214986922,-0.2812634927343668
"map00071,Fatty acid degradation",6.335906975550785,300.2388402427913,0.21626122513239535,-0.016621114525738955
"map00073,""Cutin, suberine and wax biosynthesis""",7.098430617934562,290.09525544554685,0.18852972294373735,-0.30094407480620045
"map00074,Mycolic acid biosynthesis",7.369233289997705,302.71468357135996,0.21611487515161418,0.15201119273792052
"map00100,Steroid biosynthesis",7.085684140594985,316.8202449647503,0.2371649014518194,0.016487950586900658
"map00120,Primary bile acid biosynthesis",6.9421758588058795,311.45420046154976,0.2124430035162852,-0.2915102998929861
"map00121,Secondary bile acid biosynthesis",6.849448152205356,313.93186626639397,0.2120295845601941,-0.06184181540997269
"map00140,Steroid hormone biosynthesis",6.260739004816286,292.88784323568814,0.1749004156096622,-0.15043128111811666
"map00561,Glycerolipid metabolism",6.640077895802646,288.1039517974142,0.17685495412245258,0.06383490208383609
"map00564,Glycerophospholipid metabolism",6.769680614520106,296.7421307990035,0.13986973641001532,0.2680900892046289
"map00565,Ether lipid metabolism",7.528561113109458,298.55724912288696,0.297478837159347,-0.37503449392914895
"map00600,Sphingolipid metabolism",7.1718091447842305,308.9419151847095,0.14780683823043572,0.023005215829483436
"map00590,Arachidonic acid metabolism",6.118479922318633,281.0753537028518,0.17535474011020463,-0.03202655911332808
"map00591,Linoleic acid metabolism",7.162041984697398,313.2955031946061,0.17407963672154012,0.13426801529009313
"map00592,alpha-Linolenic acid metabolism",6.807458859791842,296.4199210142101,0.25474621884722204,0.042639325647537835
"map01040,Biosynthesis of unsaturated fatty acids",6.6615389998470205,293.7311893005258,0.1952525160853986,-0.15039386634776383
"map00230,Purine metabolism",7.305838144420434,287.8789562473983,0.2723871036336867,-0.06381078713332364
"map00240,Pyrimidine metabolism",7.515499761247975,281.4514332813423,0.17632546878780656,-0.1592051713606978
"map00250,""Alanine, aspartate and glutamate metabolism""",7.465640059558099,306.23170583961917,0.22394970811119008,0.21520142771971967
"map00260,""Glycine, serine and threonine metabolism""",6.580391238388681,298.73317967188405,0.16823264733701213,0.004262329734388444
"map00270,Cysteine and methionine metabolism",6.845393812074393,285.10039100258945,0.3172574563886694,0.3802381371506015
"map00280,""Valine, leucine and isoleucine degradation""",7.165631715701782,285.0492122793638,0.15062007904852434,-0.012132162762924156
"map00290,""Valine, leucine and isoleucine biosynthesis""",7.48777256356118,294.6421530070987,0.22549103551135136,-0.14168135338209256
"map00300,Lysine biosynthesis",6.760412881077355,314.69021525289395,0.24168884404660493,-0.30274287852256543
"map00310,Lysine degradation",6.907170511668092,295.40408648636395,0.2306899548725749,-0.360627935251189
"map00220,Arginine biosynthesis",6.446832512996986,282.96857046881894,0.2007356170561146,-0.316827188601098
"map00330,Arginine and proline metabolism",6.401896687959665,295.54256935914054,0.20350896501332869,0.053425330202296686
"map00340,Histidine metabolism",7.406262911197099,295.2727643025233,0.21219057359895546,0.10174500464598678
"map00360,Phenylalanine metabolism",6.963994939209833,297.45705133482187,0.25819395583974547,0.1790076628152231
"map00380,Tryptophan metabolism",7.501766448946012,295.6906546979132,0.32052615007956753,-0.0966122103366879
"map00400,""Phenylalanine, tyrosine and tryptophan biosynthesis""",7.180818012523817,304.9620636481342,0.1821254107496083,0.029358602397109874
"map00410,beta-Alanine metabolism",6.677440122697438,316.48956094945345,0.1415098510210461,0.3224441256510849
"map00430,Taurine and hypotaurine metabolism",7.1806978027542065,309.2656502954776,0.20558589758243725,0.17936786317310638
"map00440,Phosphonate and phosphinate metabolism",7.769018283232985,295.3111130944517,0.3389854668827159,-0.05370612958116647
"map00450,Selenocompound metabolism",6.9820869804450245,286.9347409125833,0.16981627160151344,-0.1782384450830575
"map00460,Cyanoamino acid metabolism",7.782321827907003,323.7335980324986,0.29195584027220334,-0.430363080265861
"map00470,D-Amino acid metabolism",5.690127447955128,298.59218434014485,0.29388504070382204,-0.14383066384848403
"map00480,Glutathione metabolism",7.410951252187612,298.13929291912945,0.18232058791460026,-0.04222604776553889
"map00520,Amino sugar and nucleotide sugar metabolism",7.043523534119085,297.7587491289,0.23844915395926375,-0.1974359054302368
"map00541,Biosynthesis of various nucleotide sugars",6.850496324767066,299.9808476076785,0.2914198311564269,-0.026251393418460944
"map00510,N-Glycan biosynthesis",7.045880388267751,296.5563958807606,0.19104361295062564,0.015370376591753644
"map00513,Various types of N-glycan biosynthesis",6.006215542699554,292.2633799311976,0.1998209819948819,-0.044971196361615715
"map00512,Mucin type O-glycan biosynthesis",6.890164056081244,292.5314105875961,0.1809159543025678,-0.13000051616469196
"map00515,Mannose type O-glycan biosynthesis",7.178556285755874,297.67246729784,0.15926216346535665,0.033730934393345534
"map00514,Other types of O-glycan biosynthesis",7.738947022370758,292.56575228866234,0.17753612274669964,0.08838812991388181
"map00532,Glycosaminoglycan biosynthesis - chondroitin sulfate / dermatan sulfate",6.740864890863176,290.87154217322836,0.14880298666188715,-0.21807981548856922
"map00534,Glycosaminoglycan biosynthesis - heparan sulfate / heparin",6.595753198553406,299.06430227691897,0.2117041734129613,0.282186475949254
"map00533,Glycosaminoglycan biosynthesis - keratan sulfate",6.749121478207732,295.45022782579144,0.17150133844706789,-0.01971762645685235
"map00531,Glycosaminoglycan degradation",7.457701058851037,313.0399298858269,0.22168929558953737,0.0037699245889695325
"map00601,Glycosphingolipid biosynthesis - lacto and neolacto series",6.735119898116481,308.91506851922463,0.22654401161072285,0.046643226252700336
"map00603,Glycosphingolipid biosynthesis - globo and isoglobo series",7.256633716556678,310.4608519249763,0.2516764480804462,0.19062732678264904
"map00604,Glycosphingolipid biosynthesis - ganglio series",7.04853877467402,277.2660976759185,0.11031321787142721,0.057424833040364845
"map00511,Other glycan degradation",7.484322495266444,294.5731240591965,0.2287028284923786,-0.12248747492808759
"map00540,Lipopolysaccharide biosynthesis",6.648973453061323,294.28559134004206,0.2713834496236646,0.07230070504122033
"map00542,O-Antigen repeat unit biosynthesis",6.836168926701116,283.92488305282177,0.14951794906543972,-0.22874524146413236
"map00550,Peptidoglycan biosynthesis",6.803945923433921,290.22183312409123,0.29362861934188517,0.02171194115530463
"map00552,Teichoic acid biosynthesis",6.268242525933941,286.8942415453417,0.23095095046830225,-0.00664599812889216
"map00571,Lipoarabinomannan (LAM) biosynthesis",7.148060138532288,315.52270443423623,0.17474940721207954,-0.041623371454507944
"map00572,Arabinogalactan biosynthesis - Mycobacterium",7.130527636089945,307.35678393147464,0.2072115461171147,-0.02570750228778615
"map00543,Exopolysaccharide biosynthesis",7.00255672832123,310.7155509499416,0.2379163456260861,-0.37636980909952783
"map00730,Thiamine metabolism",6.882706433312427,305.21672064043236,0.21380026957062057,-0.1097449815481923
"map00740,Riboflavin metabolism",6.292314628974793,286.7094822878277,0.23693779962231845,0.018568980228222943
"map00750,Vitamin B6 metabolism",6.78967733861732,292.75479733720226,0.16396632034603167,0.03197127839948007
"map00760,Nicotinate and nicotinamide metabolism",6.828642741736616,302.8937456122792,0.21846804120180388,-0.20553502818519165
"map00770,Pantothenate and CoA biosynthesis",6.59886136538919,285.77872191108054,0.13931427515475098,0.25314156817294015
"map00780,Biotin metabolism",6.919357144166995,305.1299843017239,0.20443869693256497,-0.1732349696429002
"map00785,Lipoic acid metabolism",7.20202542840727,295.5967460184186,0.1648046179267605,0.19389144010534737
"map00790,Folate biosynthesis",7.943092950605265,294.251791924504,0.17322350287051166,0.08543887237433698
"map00670,One carbon pool by folate",7.087288906415919,305.1095996820349,0.27180465876052184,-0.1292454619687606
"map00830,Retinol metabolism",7.128775195361382,302.44263311486037,0.26456550602971346,0.3550621785219024
"map00860,Porphyrin metabolism",6.962777042116916,294.3903383418092,0.24045690604535885,-0.23872736635129602
"map00130,Ubiquinone and other terpenoid-quinone biosynthesis",6.040614392350479,309.5932980336425,0.15538436176637105,0.18383083472200032
"map00900,Terpenoid backbone biosynthesis",6.986743062275392,287.18936672400105,0.19417957751525988,0.20011646360859567
"map00902,Monoterpenoid biosynthesis",7.0301151049705135,304.15935606944265,0.2706548849989592,-0.13412404181532897
"map00909,Sesquiterpenoid and triterpenoid biosynthesis",8.231621056242643,303.93101257968385,0.21708584568199524,0.2784930600128658
"map00904,Diterpenoid biosynthesis",6.903819517609438,294.9045356068601,0.3259664769990847,-0.050009302919790555
"map00906,Carotenoid biosynthesis",7.150773671166807,301.2613302224212,0.2296658919697186,0.05773872585597141
"map00905,Brassinosteroid biosynthesis",6.982644115147378,285.488864236147,0.21960245582450158,0.05206436775424415
"map00981,Insect hormone biosynthesis",6.415660981190234,307.24027019206903,0.19454417678987493,-0.02686174829410956
"map00908,Zeatin biosynthesis",7.571411407257511,296.1509786355701,0.2166770452391141,0.16216165463195642
"map00903,Limonene degradation",7.375966516343387,292.7727697948096,0.2023765081809728,0.1586977441104426
"map00907,""Pinene, camphor and geraniol degradation""",7.3955159735215235,308.4900922583689,0.24540543383442953,-0.3497063946476362
"map01052,Type I polyketide structures",6.54530627260263,290.9565630945724,0.2578351158397292,0.2608680485756305
"map00522,""Biosynthesis of 12-, 14- and 16-membered macrolides""",7.701397155468049,283.9153870363644,0.17070052697460253,-0.3324983976071349
"map01051,Biosynthesis of ansamycins",6.29907446860386,282.433708264761,0.1434383523221111,0.20650924086833147
"map01059,Biosynthesis of enediyne antibiotics",7.293428546900135,304.0600995134564,0.11818973134483515,0.22534102736551667
"map01056,Biosynthesis of type II polyketide backbone",8.095227812904989,285.1957064750372,0.23539956634562717,-0.21819328604303967
"map01057,Biosynthesis of type II polyketide products",6.504731837434655,315.54794181984363,0.1548316696913063,-0.08216285759091696
"map00253,Tetracycline biosynthesis",6.716851135198614,277.18070592116277,0.10235547035237584,-0.22114093369718715
"map00523,Polyketide sugar unit biosynthesis",7.049825682543821,314.9645636829004,0.2294289302265482,-0.04298420605774707
"map01054,Nonribosomal peptide structures",6.7482621729419,300.1101746720262,0.3346499758716395,-0.061606856837148255
"map01053,Biosynthesis of siderophore group nonribosomal peptides",6.224668284466934,297.03286888129605,0.20969645442300533,0.15593210645386799
"map01055,Biosynthesis of vancomycin group antibiotics",7.034281487403014,292.5508091319105,0.2519245387225821,0.26206174922392167
"map00940,Phenylpropanoid biosynthesis",6.468848143136947,301.9913611435207,0.21409146792737824,0.2791367621579912
"map00945,""Stilbenoid, diarylheptanoid and gingerol biosynthesis""",7.23679621531759,297.6236529757515,0.20505551734044286,-0.11243360531566043
"map00941,Flavonoid biosynthesis",6.540287882883098,309.03301882016524,0.25595382414938844,-0.04184437474890556
"map00944,Flavone and flavonol biosynthesis",7.77496720250877,299.1422764866204,0.19548627279056743,-0.3366876384441901
"map00942,Anthocyanin biosynthesis",6.608373353831881,299.5030176146188,0.22336961570359515,-0.16117401329923775
"map00943,Isoflavonoid biosynthesis",6.838969241897162,294.36387787786146,0.22608489030980067,0.19297032661949154
"map00946,Degradation of flavonoids",7.406758608684835,297.43054376278934,0.17659547731784755,0.32311656470964634
"map00901,Indole alkaloid biosynthesis",6.3845678417830225,301.07801768892057,0.25960211747682616,-0.24686977437598442
"map00403,Indole diterpene alkaloid biosynthesis",7.113729967302064,280.89831607343376,0.20125201216522956,-0.11849285183057885
"map00950,Isoquinoline alkaloid biosynthesis",7.653571377141214,284.5181457789429,0.17221274202535775,-0.005281151391785407
"map00960,""Tropane, piperidine and pyridine alkaloid biosynthesis""",6.196258382719386,305.43264094022715,0.23682549217852017,0.05603223176392136
"map00996,Biosynthesis of various alkaloids",7.092316929266152,299.7086543812794,0.16507660091044812,-0.16192070398432923
"map00232,Caffeine metabolism",7.129941397124211,296.1601666364732,0.2114090578684564,0.08481220889281794
"map00965,Betalain biosynthesis",7.390911435888655,298.1843393306539,0.20954405016778982,-0.09476786941418323
"map00966,Glucosinolate biosynthesis",6.381524644560959,301.4758170536167,0.2642947782915789,-0.002890454175655821
"map00402,Benzoxazinoid biosynthesis",6.339771693457862,292.6024031969064,0.23373491164399762,0.10925684960073992
"map00311,Penicillin and cephalosporin biosynthesis",7.260970782808449,290.21695274597687,0.2087486520627428,0.0012844539621875634
"map00332,Carbapenem biosynthesis",7.148492336616593,299.9584525509768,0.25088831496001435,-0.08727717810531373
"map00261,Monobactam biosynthesis",7.125246425172938,288.21627222384967,0.27951037745086565,-0.02192196078516617
"map00331,Clavulanic acid biosynthesis",7.1732241047484875,302.0825275571447,0.23789051531759312,-0.017672591841067065
"map00521,Streptomycin biosynthesis",6.659987639210755,280.9741639576216,0.21051763099216902,-0.07400220597642554
"map00524,""Neomycin, kanamycin and gentamicin biosynthesis""",7.116126848580501,308.2915563732564,0.14440818838249203,-0.05175921253342047
"map00525,Acarbose and validamycin biosynthesis",7.14653623664934,302.72597482413045,0.15674431684623136,0.3197294341009434
"map00401,Novobiocin biosynthesis",6.642824290986816,300.56029734313876,0.19473876478226662,0.11218388958824775
"map00404,Staurosporine biosynthesis",7.932887255572378,307.82690983945514,0.17952438989203584,-0.059096063605832076
"map00405,Phenazine biosynthesis",7.236916460455894,314.65474444462575,0.2006514348507277,0.13939088090214713
"map00333,Prodigiosin biosynthesis",6.404348251398676,308.1437006501813,0.21283249624485534,-0.066763897951202
"map00254,Aflatoxin biosynthesis",7.328276804316915,279.59125768668355,0.23648463771783654,0.23462492751732827
"map00998,Biosynthesis of various antibiotics",6.5126591648863394,285.20423033264296,0.20647506109704544,0.07392843843961878
"map00999,Biosynthesis of various plant secondary metabolites",7.393542301871226,291.7518142230432,0.2343250821913101,-0.02146042880084578
"map00997,Biosynthesis of various other secondary metabolites",7.579297789503702,298.26091050210835,0.213223720740506,0.08954338516205552
"map00362,Benzoate degradation",6.5896588408241445,303.17659020469125,0.11122667168230642,-0.3141752304136999
"map00627,Aminobenzoate degradation",7.481688064622161,290.7425618684654,0.16303323030906228,-0.22535349378196107
"map00364,Fluorobenzoate degradation",7.206390463468249,299.8676676447708,0.20279562221391922,-0.2387850012798111
"map00625,Chloroalkane and chloroalkene degradation",7.411030079997245,290.44617067646675,0.14951526285794461,0.028588618952741354
"map00361,Chlorocyclohexane and chlorobenzene degradation",7.948396491326974,291.8848219700805,0.23999643649981023,0.3465029998970184
"map00623,Toluene degradation",6.877305941998565,283.9333890315178,0.28653754161718487,0.4462600292385265
"map00622,Xylene degradation",6.623131917821255,288.767667538891,0.27093809258486584,0.12761022028815144
"map00633,Nitrotoluene degradation",6.555242785187239,284.48315394383667,0.1993278564534896,0.1001688949888914
"map00642,Ethylbenzene degradation",6.592094857517281,288.24126747022666,0.2845363068424976,-0.3602115468305478
"map00643,Styrene degradation",6.961449145292948,308.5364179660784,0.21743337286010556,-0.10853475994680435
"map00791,Atrazine degradation",7.170575987408322,288.50601111168055,0.19314570144409804,-0.1575567503816478
"map00363,Bisphenol degradation",7.413591624518012,302.9331790088089,0.19487651567559358,-0.03362876371695792
"map00621,Dioxin degradation",7.006500945938954,299.84836123694873,0.19059115907293855,-0.09441811553942547
"map00626,Naphthalene degradation",7.726767038578658,289.4164221981879,0.2185208111187744,-0.39585996207515756
"map00624,Polycyclic aromatic hydrocarbon degradation",6.867671583381022,305.0030987940899,0.21802869905249322,0.14958205122350676
"map00984,Steroid degradation",7.312833673882503,299.2200981464536,0.23184690848731748,0.04784937282222991
"map00980,Metabolism of xenobiotics by cytochrome P450",6.571421221791859,323.60084538268796,0.2695323137393171,0.41481653394999474
"map00982,Drug metabolism - cytochrome P450",6.4645537509694435,297.0394010027535,0.25747770677206616,-0.1838769183172847
"map00983,Drug metabolism - other enzymes",7.241236207621593,309.49273326285675,0.1357551015775048,-0.506057504549266
"map01010,Overview of biosynthetic pathways",6.888268607337075,290.9682357487411,0.08230394325490226,-0.057200844376022165
"map01060,Biosynthesis of plant secondary metabolites",7.357000247046046,297.6501150950304,0.2567159955619637,0.22019192699971424
"map01061,Biosynthesis of phenylpropanoids",7.236618812286772,315.7080063563551,0.14165606507922895,0.3916694908441188
"map01062,Biosynthesis of terpenoids and steroids",6.963585543671564,291.73032942212234,0.1987617299053658,-0.2459099188904834
"map01063,Biosynthesis of alkaloids derived from shikimate pathway",6.576603140965798,316.1244855799693,0.15149434869703202,0.09933984464730435
"map01064,""Biosynthesis of alkaloids derived from ornithine, lysine and nicotinic acid""",6.242576387657068,305.07751935455474,0.11990097812099901,-0.09306209135601068
"map01065,Biosynthesis of alkaloids derived from histidine and purine",6.776742523966489,292.3753322410573,0.2370731364102394,-0.021189670860827133
"map01070,Biosynthesis of plant hormones",7.107046872065102,307.7255444962673,0.181174479963664,-0.3005940656790307
"map03022,Basal transcription factors",7.086590462925591,282.29775280109544,0.18268777758737587,0.09353863435308664
"map03040,Spliceosome",7.192658689864419,290.7286282417513,0.22959020027012733,0.21715726498786944
"map03010,Ribosome",6.558071281899434,295.52481364448494,0.13605442156129355,0.01959663069417909
"map00970,Aminoacyl-tRNA biosynthesis",7.076862552972764,297.2556657089995,0.21916799598895778,0.06161010790082047
"map03013,Nucleocytoplasmic transport",7.029104359223,304.20672097550676,0.2092345075413502,-0.07832971348435823
"map03015,mRNA surveillance pathway",6.428514851084689,299.7770100093325,0.2389645749800544,0.05382538824902147
"map03008,Ribosome biogenesis in eukaryotes",7.178893680174141,284.646556412899,0.21597901842070766,-0.0686384550994821
"map03060,Protein export",7.280392263184117,301.80197851005966,0.1613465529559222,0.12431437797121017
"map04141,Protein processing in endoplasmic reticulum",7.541525621587638,304.1058574528382,0.26982857508322455,-0.0739220672087268
"map04130,SNARE interactions in vesicular transport",7.526901026017452,303.5979044793104,0.2020735213486515,0.0754200787804373
"map04120,Ubiquitin mediated proteolysis",6.311165316021454,308.8078072555462,0.2086347730245034,-0.0058525627369956715
"map04122,Sulfur relay system",6.531087480042439,306.33922154548907,0.16333660204634018,0.22521005015443363
"map03050,Proteasome",7.25751763360433,302.59180079228435,0.18783588744042448,-0.010278744717697248
"map03018,RNA degradation",7.256892975456104,297.29834288541355,0.16575986429865494,-0.3546064936413763
"map03030,DNA replication",7.257523843153024,281.3903906648401,0.20135269700382885,0.25238430014279833
"map03420,Nucleotide excision repair",7.285445255346583,300.0768768716311,0.1414049428534322,-0.13075326772976398
"map03430,Mismatch repair",7.567782820090299,300.71578837195375,0.12932193010616294,-0.11913225880869843
"map03440,Homologous recombination",7.477000881746601,285.23251424179693,0.28355851637468044,0.2748876186341635
"map03450,Non-homologous end-joining",7.325695625652899,287.18943459591736,0.19953381614240667,-0.4271348427957391
"map03082,ATP-dependent chromatin remodeling",7.379484610246633,297.60444846143344,0.2619952343698038,0.21121136181321037
"map03083,Polycomb repressive complex",6.613587392731214,304.81500697372627,0.1797192230131568,0.044647782825831935
"map03230,Viral genome structure",6.881590696629996,298.2831837613046,0.3013004856773468,-0.010978800123257278
"map03240,Viral replication",6.757318226085448,298.2975613949574,0.24389629356696346,0.05711081497153139
"map03250,Viral life cycle - HIV-1",7.040937069693161,307.38283805976,0.18560442959271486,0.10422448567586767
"map03260,Virion - Human immunodeficiency virus",8.157329283336754,292.8395527178263,0.31786541066327517,0.1290431171900114
"map03271,Virion - Rotavirus",6.066367403704126,298.96120776940984,0.17971425384983308,0.1111208932006897
"map03262,Virion - Coronavirus",7.343130095187257,293.3772471129496,0.24710476860046535,0.017916136251049763
"map03261,Virion - Influenza virus",6.193642064405174,293.65503772567683,0.2249646290203246,-0.039467684061465225
"map03263,Virion - Enterovirus",6.764034067105284,294.9082787653136,0.2750870644699399,-0.03025465673070234
"map03264,Virion - Flavivirus and Alphavirus",7.544475298483683,300.22133771633713,0.28807555983634264,-0.038981656070536205
"map03265,""Virion - Ebolavirus, Lyssavirus and Morbillivirus""",7.0321400095477316,293.21251378336524,0.21160020745328834,0.2267540193734129
"map03273,Virion - Lassa virus and SFTS virus",6.461127611035347,310.5575612557352,0.1723291064826908,0.11871134445617237
"map03266,Virion - Herpesvirus",7.339798874467338,296.13128355838643,0.1761142315123947,0.1311801553059522
"map03268,Virion - Orthopoxvirus",6.634816684141431,293.60268941725826,0.31066936237633114,0.03894723894375497
"map03267,Virion - Adenovirus",7.108229294790988,312.4697788435373,0.21682676655413685,-0.0037417512891794835
"map03259,Virion - Bacteriophages T4 and T7",7.0227859199519065,299.96554776511573,0.19173392243439455,-0.07770369061777717
"map03258,Virion - Bacteriophage lambda",6.674199826197092,308.31844539468636,0.2192340152932454,0.2248225439972027
"map02010,ABC transporters",8.071972044662663,283.1443962696303,0.14264368552351517,0.1895052924245716
"map02060,Phosphotransferase system (PTS)",7.316959511159006,300.6705026586926,0.16141929807446742,-0.15457553356472184
"map03070,Bacterial secretion system",5.987428706671197,306.89630795623435,0.2700206953972213,0.08141045742490703
"map02020,Two-component system",7.093227157384714,298.82283989275425,0.17715528605143022,-0.1943313469082572
"map04010,MAPK signaling pathway",6.669106767615806,308.6548037506535,0.15765445086590302,-0.2759236329577861
"map04013,MAPK signaling pathway - fly",7.426216667398112,292.82711549899625,0.2368326376263643,-0.12534344491799304
"map04016,MAPK signaling pathway - plant",6.603739630783649,312.0934744018558,0.26928520773314985,0.17247869447655176
"map04011,MAPK signaling pathway - yeast",6.94263177926655,320.9889812361925,0.24594766553325334,0.19062500907521734
"map04012,ErbB signaling pathway",7.252493639490228,294.3716143956034,0.2598023842902908,0.1026170840194586
"map04014,Ras signaling pathway",7.432877597085061,293.5449747859923,0.17216024557152695,0.14501915736959944
"map04015,Rap1 signaling pathway",6.399851796472112,312.53384477117703,0.13890946666290782,0.10323565742299168
"map04310,Wnt signaling pathway",6.832749382079526,313.79572145730714,0.28506668259777435,-0.12829631904459046
"map04330,Notch signaling pathway",6.762527344419522,292.7713997284673,0.1938660080578932,0.08638450893478813
"map04340,Hedgehog signaling pathway",6.673335383713144,293.79813182904144,0.19745834917724764,0.16008190504553646
"map04341,Hedgehog signaling pathway - fly",7.882727120140548,295.18215391139495,0.2764097070924529,0.15085826596271487
"map04350,TGF-beta signaling pathway",7.202490855480478,284.5554948896572,0.237811500470033,0.2377826742949286
"map04390,Hippo signaling pathway",6.369558022832478,288.813480535158,0.23279438860408036,0.14166076944021275
"map04391,Hippo signaling pathway - fly",7.458930973527388,287.9585923324793,0.3182501172450542,0.07028964150831658
"map04392,Hippo signaling pathway - multiple species",8.061078098506316,290.32202434895873,0.17782408848099285,0.21403004766328548
"map04370,VEGF signaling pathway",7.5162326302755735,297.6531511261322,0.25639200640406185,-0.005304251849812013
"map04371,Apelin signaling pathway",6.2403150170229935,300.3421473253652,0.21285065624485422,-0.17637493024554357
"map04630,JAK-STAT signaling pathway",6.757882963566875,313.50500492814075,0.22342961394316285,-0.032613392788752776
"map04064,NF-kappa B signaling pathway",7.633455574593311,288.0164595926121,0.2864234213206266,-0.14898052896128983
"map04668,TNF signaling pathway",6.64616526719061,307.8432239847658,0.23539178781448117,-0.13503565499487633
"map04066,HIF-1 signaling pathway",7.2219097140731146,295.8601115577449,0.23691480395248166,-0.028903734143103568
"map04068,FoxO signaling pathway",7.387317026714668,297.50536290347566,0.2636253668654901,-0.15848398419999227
"map04020,Calcium signaling pathway",6.536534764210958,304.748194921666,0.19175236352285574,-0.06159230592780806
"map04070,Phosphatidylinositol signaling system",6.9702373219691,286.772779784377,0.16803951663304967,-0.37872293339075713
"map04071,Sphingolipid signaling pathway",6.487806179332855,299.6645220821306,0.1116821705311999,0.00024109507244484738
"map04024,cAMP signaling pathway",6.87371592430342,302.9245126400815,0.3128103564970161,-0.16341772621363815
"map04022,cGMP-PKG signaling pathway",6.376108409017576,300.89168643907817,0.15483958171391582,0.13184913368648102
"map04151,PI3K-Akt signaling pathway",7.816205651965817,322.55300139910895,0.1989373188207114,0.18751402752531168
"map04152,AMPK signaling pathway",6.284929311019684,291.62260015748683,0.19615933500555396,-0.32151197287379485
"map04150,mTOR signaling pathway",6.779977756651508,292.6900304499818,0.22537033489045502,-0.15254495571324286
"map04075,Plant hormone signal transduction",7.065370288643046,291.76859473575234,0.2507868606269648,-0.15382846995745966
"map04080,Neuroactive ligand-receptor interaction",7.720636644533058,292.4452288083975,0.25302367441798723,-0.18798062022177295
"map04082,Neuroactive ligand signaling",6.2820689244102805,291.62612872693484,0.18084612807155306,0.1658949683863497
"map04081,Hormone signaling",7.58158187607748,309.8901653110755,0.2016439143106794,-0.038765227754560705
"map04060,Cytokine-cytokine receptor interaction",7.0051165305097935,312.20504247989857,0.22412899752441498,-0.05290296826212215
"map04061,Viral protein interaction with cytokine and cytokine receptor",6.509245674476024,292.29253706250523,0.19756544369082263,-0.4007724728813507
"map04512,ECM-receptor interaction",7.231051737131636,289.6764442689577,0.29036727880099966,0.1270836060418453
"map04514,Cell adhesion molecules",7.0995298477867355,302.71415556386404,0.23454874758191258,-0.24785167897069452
"map04144,Endocytosis",6.6998915614206025,292.4777695571903,0.24674388930249086,0.011986526053265651
"map04145,Phagosome",7.03490104249501,304.3293181775551,0.24314406343337064,0.05547538759163834
"map04142,Lysosome",6.80734320156912,300.029230208513,0.26867369287426623,0.2721317191677302
"map04146,Peroxisome",7.056758672625624,282.8425588500277,0.21905107793518533,-0.26176407982382244
"map04138,Autophagy - yeast",7.7930084080726765,315.9587767309552,0.22998439758763206,0.03676990895073897
"map04136,Autophagy - other",6.381092250586575,291.8721130951561,0.17743215531040854,0.36010223630217075
"map04137,Mitophagy - animal",8.066516687328134,294.1229844006402,0.18356916591251216,0.24778927058788747
"map04139,Mitophagy - yeast",6.023956100238749,300.85865390724905,0.23931820093775466,0.04193188305492516
"map04148,Efferocytosis",6.924107452482208,301.34456789987024,0.2719141535716818,-0.09832723712640948
"map04110,Cell cycle",7.2941586032422885,304.58544272672833,0.21106357883680307,0.16142451932746207
"map04111,Cell cycle - yeast",7.140495933867516,318.1020453876635,0.22544165062994817,-0.19470923994089373
"map04112,Cell cycle - Caulobacter",6.688650240089703,296.2305277250595,0.2951107472317619,0.09527155387124386
"map04113,Meiosis - yeast",6.895938874821362,290.0170275546155,0.2220376589744284,0.10109403183332538
"map04114,Oocyte meiosis",6.753499532670584,284.20680771985474,0.34008415570901973,0.21204198149977596
"map04214,Apoptosis - fly",7.4248010485105125,297.668730271262,0.1219618620422091,0.07848319343575341
"map04215,Apoptosis - multiple species",7.178507742982523,315.94557863517787,0.2476670810552266,-0.10179272514149976
"map04216,Ferroptosis",6.653545202369673,292.82388700963827,0.22905791924413887,-0.005114862438398888
"map04217,Necroptosis",7.449799937716626,300.237879516389,0.27448763770413726,-0.35381518097782366
"map04115,p53 signaling pathway",7.153649760438305,297.83577103927246,0.24365906756349792,-0.13894262621781164
"map04218,Cellular senescence",7.40643105941948,309.8839327344808,0.2030772008008113,-0.08185648762262081
"map04510,Focal adhesion",7.314814420961806,323.2693242587362,0.1487850881855317,-0.10481767958691851
"map04520,Adherens junction",6.5855024945389635,292.6913122707968,0.19954883713569874,0.0304709744067444
"map04530,Tight junction",6.719909479901515,293.1056055748178,0.16747397728953498,-0.16448398647644014
"map04540,Gap junction",7.373646802561631,308.4416087706907,0.18097382750976385,0.2242061334648943
"map04550,Signaling pathways regulating pluripotency of stem cells",7.3051851327167325,304.8189148962631,0.23942892022103046,4.141298363941877e-05
"map02024,Quorum sensing",6.989549203017926,316.4670732573603,0.2934952252175703,-0.0018600642277228836
"map05111,Biofilm formation - Vibrio cholerae",7.058663691654391,303.83928185325965,0.22973357649114906,-0.06557894330258357
"map02025,Biofilm formation - Pseudomonas aeruginosa",7.638832447894212,294.4070790921294,0.15020584689824076,0.03103813677179583
"map02026,Biofilm formation - Escherichia coli",6.704214305582085,303.90654830692307,0.23223013341100704,0.16501965293352694
"map02030,Bacterial chemotaxis",7.273548690585019,309.0870358058291,0.26983157433228255,-0.17342604314218008
"map02040,Flagellar assembly",6.898903673783053,306.20482181197366,0.1795108547840309,-0.13162329781505133
"map04814,Motor proteins",6.89115939838639,303.072740311073,0.2032991416663541,-0.06074520575533293
"map04820,Cytoskeleton in muscle cells",7.549388425993595,308.66674689589155,0.21073440973645985,-0.269174184694643
"map04810,Regulation of actin cytoskeleton",7.412708174494015,309.6929559044567,0.170755084345888,-0.16385157194429956
"map04640,Hematopoietic cell lineage",7.406754818000319,311.8215899103753,0.24241402169219295,-0.09524417470893182
"map04610,Complement and coagulation cascades",7.652739403577165,304.48709887589644,0.2039525925696109,0.1748778361425455
"map04611,Platelet activation",7.010501920816379,296.32881919683143,0.23097662219535137,0.052512265800385
"map04613,Neutrophil extracellular trap formation",7.340976485647482,299.4671368643332,0.165625391109895,0.03871798227350887
"map04620,Toll-like receptor signaling pathway",6.844866621703272,310.0650896650836,0.18812708498382946,0.17017959243359446
"map04624,Toll and Imd signaling pathway",7.162083176244221,289.8306432901276,0.24611906789138857,-0.02747435767987933
"map04621,NOD-like receptor signaling pathway",6.934928472816158,301.686733088729,0.19135834239541163,0.07809296998577792
"map04622,RIG-I-like receptor signaling pathway",7.048497982496359,294.06661187672637,0.2963481925616702,-0.020644350586499247
"map04623,Cytosolic DNA-sensing pathway",7.297578512718457,298.2874482293482,0.19001819071926987,0.05307246987992569
"map04625,C-type lectin receptor signaling pathway",6.590889658383264,310.784518626073,0.22123423628759428,-0.11655173152231642
"map04650,Natural killer cell mediated cytotoxicity",8.04619363784273,299.910990680199,0.2566295415936545,-0.48776343165528585
"map04612,Antigen processing and presentation",6.496991309250149,298.4643654815615,0.1390817133533484,-0.02685583243726083
"map04660,T cell receptor signaling pathway",6.392905693606134,284.4014385902008,0.12195955940096119,0.28454962721998805
"map04658,Th1 and Th2 cell differentiation",7.579055436750034,305.4625356602722,0.13371718427149526,0.1852430804483185
"map04659,Th17 cell differentiation",7.395831346981468,304.45484181141074,0.2731292051713591,0.19307949691823414
"map04657,IL-17 signaling pathway",7.312059908526077,319.6325472330546,0.18240709270537764,0.24722614436124357
"map04662,B cell receptor signaling pathway",7.31417275463214,294.92221765047,0.3379099642834126,0.01773151819228749
"map04664,Fc epsilon RI signaling pathway",6.993876613576543,300.19150327663937,0.18178762006713056,0.039463141481119124
"map04666,Fc gamma R-mediated phagocytosis",6.551372814257085,300.49383683710755,0.21922756515985184,-0.12353037908687003
"map04670,Leukocyte transendothelial migration",7.037902279096863,313.7745327976347,0.28710549762839377,-0.06321457120540995
"map04672,Intestinal immune network for IgA production",6.661419144243944,297.0470446761305,0.31030464440795613,0.12315422995422831
"map04062,Chemokine signaling pathway",7.487559866708875,300.7902152577034,0.3130751788318199,0.24077688743376324
"map04911,Insulin secretion",6.926471309248931,304.0789650971654,0.2704183115296571,-0.02788925513619991
"map04910,Insulin signaling pathway",6.587251401603744,299.8660912315636,0.26120312629057313,-0.09003785297028233
"map04922,Glucagon signaling pathway",6.839307079173503,293.5356638544947,0.23962634746005915,0.00010559177131945857
"map04923,Regulation of lipolysis in adipocytes",7.206465727137812,299.9408999289831,0.24891805380833187,0.12024134978582297
"map04920,Adipocytokine signaling pathway",6.718137723598012,308.7363174985977,0.18244071418357333,-0.28877096322670837
"map03320,PPAR signaling pathway",6.5888898022167846,287.7348470058894,0.16909005582888464,-0.45923619062744764
"map04929,GnRH secretion",7.121843605745956,299.32969674146875,0.20983127712945238,-0.11010736989831671
"map04912,GnRH signaling pathway",7.122483285554361,290.99879185060826,0.20149076887375356,-0.24414248518283174
"map04913,Ovarian steroidogenesis",6.746528412314435,309.9504662892484,0.18733859753363624,-0.10162803952946219
"map04915,Estrogen signaling pathway",6.764480847190838,282.76813095216227,0.24481937237283577,-0.029556063763494306
"map04914,Progesterone-mediated oocyte maturation",7.116024968678818,292.41078152728414,0.25776526042852554,-0.09064968180460269
"map04917,Prolactin signaling pathway",6.275957829251338,301.77211875064523,0.21442034431459236,0.2904935068941491
"map04921,Oxytocin signaling pathway",6.296268112811722,313.6552402923434,0.2838765040527631,0.06534895292046401
"map04926,Relaxin signaling pathway",6.640777889373782,297.34249738927014,0.15291554429332474,0.06009487192216567
"map04935,""Growth hormone synthesis, secretion and action""",6.8932764241440765,292.448004733068,0.2003170270360141,0.1244414288086804
"map04918,Thyroid hormone synthesis",7.155453782799002,316.8115706944059,0.17415888396985973,-0.22776662355615385
"map04919,Thyroid hormone signaling pathway",7.737678108474776,283.5198609958376,0.11667316914634698,0.20782235748405375
"map04928,""Parathyroid hormone synthesis, secretion and action""",7.42882981160101,276.01194043379917,0.20586596570786503,-0.015152857307091977
"map04916,Melanogenesis",6.920030735018287,302.4001445005333,0.2039126245808358,0.1340961234482425
"map04924,Renin secretion",6.990491896048655,292.9794577564739,0.2856724871621066,-0.2143714466080311
"map04614,Renin-angiotensin system",6.498735317681096,287.78767182869285,0.24154058422773889,-0.3107517532032129
"map04925,Aldosterone synthesis and secretion",6.990743432003805,305.08356447299354,0.15879065878353973,0.16357793160500575
"map04927,Cortisol synthesis and secretion",6.855670680539931,300.43800713771196,0.3027046283167094,0.07528190521950333
"map04260,Cardiac muscle contraction",7.161359280169044,292.3592136926327,0.2710516847762676,-0.18041031087150208
"map04261,Adrenergic signaling in cardiomyocytes",6.586384528223839,285.19695601329107,0.2391048851734308,-0.1739326162549389
"map04270,Vascular smooth muscle contraction",7.259673257120586,306.72457328280143,0.1986757950575084,0.22508695688295388
"map04970,Salivary secretion",7.766369456501289,304.5020117795866,0.162028038163826,-0.23788237857346559
"map04971,Gastric acid secretion",6.945619925771571,297.00824136220615,0.19138966119644735,0.3285345906511927
"map04972,Pancreatic secretion",7.200855861049471,316.46636996047664,0.2644374309852093,-0.18012414692957376
"map04976,Bile secretion",7.345071995855556,287.2991523367385,0.3042293152967305,0.1276783851216766
"map04973,Carbohydrate digestion and absorption",6.799389764057082,282.7447482907526,0.2871621764136094,-0.06572369514979692
"map04974,Protein digestion and absorption",7.112046240905208,291.0809193011876,0.18555752891068628,0.12063748621646862
"map04975,Fat digestion and absorption",7.0062962003908975,297.544139836445,0.15401912833554943,-0.10882280042283853
"map04979,Cholesterol metabolism",7.048838049274416,300.4333944932269,0.21704431234556018,-0.03255858121445884
"map04977,Vitamin digestion and absorption",6.613495108072267,295.5876394214367,0.12157803172185741,0.008183835079144226
"map04981,Folate transport and metabolism",7.012255087129471,301.520553965143,0.22615838570923907,-0.20043749115629456
"map04980,Cobalamin transport and metabolism",7.248999145622725,285.48460575809554,0.20261987068506657,0.14816486908402518
"map04978,Mineral absorption",7.7255718038975205,312.4376460407326,0.18669817490658788,-0.10264271329431705
"map04962,Vasopressin-regulated water reabsorption",7.479635413042604,297.1784882160743,0.13026484663666021,-0.04571998306800372
"map04960,Aldosterone-regulated sodium reabsorption",8.076591228755778,309.17295831588126,0.23568000532848582,-0.19886987492170247
"map04961,Endocrine and other factor-regulated calcium reabsorption",6.616326218555975,301.42725346377705,0.18336495801690442,-0.5124667317590621
"map04964,Proximal tubule bicarbonate reclamation",7.436160318360339,302.56753219153785,0.1515041582144856,-0.038205552520033804
"map04724,Glutamatergic synapse",8.094901466608835,302.47708560017315,0.20862425474746818,0.15692085757960478
"map04727,GABAergic synapse",6.595850857322424,304.4272275986754,0.2986125798334872,-0.003852075946878928
"map04725,Cholinergic synapse",6.580139078909612,311.2915253013243,0.29306296072739346,-0.052578165841653535
"map04728,Dopaminergic synapse",6.700303677277989,299.9652116970147,0.1871451871706864,0.004493178562409276
"map04726,Serotonergic synapse",5.938052137845096,305.0900375758851,0.17988939698191098,0.109423823035042
"map04720,Long-term potentiation",6.73712248915962,297.10264305712775,0.23343871280375117,-0.23616256306176897
"map04730,Long-term depression",6.620433669223151,312.4011721544947,0.16008072804058543,0.22286433893377444
"map04723,Retrograde endocannabinoid signaling",7.075196893238104,291.2360769794073,0.22508959499097328,0.1430762630882488
"map04721,Synaptic vesicle cycle",7.17087798788858,316.0094043291082,0.2483040139192345,0.1436371451415869
"map04722,Neurotrophin signaling pathway",7.938085419607943,297.59842049355655,0.27134666119421536,0.08769514776194547
"map04744,Phototransduction",7.4752119190930255,283.6922489788195,0.20499229617600234,0.003923331538797981
"map04745,Phototransduction - fly",6.711548172168799,299.2810441491079,0.1998163124911517,0.134572247193364
"map04740,Olfactory transduction",6.550792664325821,291.1894834252512,0.16610087066217194,0.11836282674827561
"map04742,Taste transduction",7.245959585753253,306.40643548988726,0.168655982298007,-0.07080814218820476
"map04750,Inflammatory mediator regulation of TRP channels",6.339883396489679,291.47376020697607,0.19867605540492367,-0.1147203545793802
"map04320,Dorso-ventral axis formation",7.915729382927177,293.5381656678522,0.2283682753408089,0.02037125905239734
"map04360,Axon guidance",7.589720060360643,279.1045926905447,0.2556792313116625,0.30980403029903747
"map04361,Axon regeneration",6.765412173947648,293.4769368075092,0.16984105246598274,-0.24782141513078018
"map04380,Osteoclast differentiation",6.143432735454561,273.7612067337104,0.2846344284479761,-0.293505053150488
"map04382,Cornified envelope formation",7.676936187082706,282.1609717651428,0.19644381994787155,0.03295216824730335
"map04211,Longevity regulating pathway",6.942730077373691,305.604146561443,0.2089316352825782,0.010177540371203614
"map04212,Longevity regulating pathway - worm",7.61890815598673,305.8580015865083,0.17263941604260882,0.034668332874081643
"map04213,Longevity regulating pathway - multiple species",6.202786170602817,302.25457561784964,0.0887879869863529,0.04879063958170005
"map04710,Circadian rhythm",6.700312488523114,288.33023856870784,0.2542022698180525,-0.04464045092696103
"map04713,Circadian entrainment",7.002621849859092,297.5228864385802,0.24684219485462167,0.29797268772041646
"map04711,Circadian rhythm - fly",7.023490296882371,297.9639746090943,0.19593362214408933,-0.3201807956953031
"map04712,Circadian rhythm - plant",6.774967264260378,286.4163531080746,0.21334953586124358,-0.1656994049560492
"map04714,Thermogenesis",7.31142496617375,313.0339830176715,0.23579696088520496,-0.020650952029809478
"map04626,Plant-pathogen interaction",6.4661897853087025,306.7736229057567,0.13187270715567284,-0.32863776223083346
"map05200,Pathways in cancer",6.928810257489353,295.7903582617034,0.18354736613268524,-0.035170880886414235
"map05202,Transcriptional misregulation in cancer",7.06014781585595,298.2688583899453,0.24971323398109135,0.3322940331456037
"map05206,MicroRNAs in cancer",7.257219417029375,300.08382807947555,0.1472855288415375,0.004177297659192358
"map05205,Proteoglycans in cancer",7.355807439044445,277.5826513157571,0.22467789660833146,0.0461401811437367
"map05204,Chemical carcinogenesis - DNA adducts",6.437678954081066,295.52822617479404,0.14217090976882973,-0.25203295303451606
"map05207,Chemical carcinogenesis - receptor activation",6.232942914632189,291.180157520022,0.23332149912167632,-0.1232722816078955
"map05208,Chemical carcinogenesis - reactive oxygen species",7.638838410949255,287.9837999010508,0.2082179258851258,-0.0750392760647874
"map05203,Viral carcinogenesis",7.166157005989795,295.1889970711405,0.12924340920472452,-0.06354301935124682
"map05230,Central carbon metabolism in cancer",6.625756731721723,315.9768652684952,0.26823696772285854,0.25632875900075375
"map05231,Choline metabolism in cancer",7.775575987761261,304.4084286126701,0.17327042116009753,0.1115382121450249
"map05235,PD-L1 expression and PD-1 checkpoint pathway in cancer",7.057837317146429,292.28821010217206,0.16948737814928094,-0.2222915913874064
"map05210,Colorectal cancer",7.589648592031914,303.7258278135616,0.22002845986154712,0.04930095568640098
"map05212,Pancreatic cancer",7.033759240705055,311.99355436586,0.26743186747143577,0.09964434969935704
"map05225,Hepatocellular carcinoma",8.030373962440994,307.2463368291277,0.15920890905108015,0.2280298077042533
"map05226,Gastric cancer",7.877670421221602,298.59630369920177,0.21308399249239857,0.3161081373136747
"map05214,Glioma",6.875517925760463,291.53063222294423,0.23144082501652863,-0.20301883836557374
"map05216,Thyroid cancer",7.4857854754771775,304.9822331361359,0.2446552803631572,-0.16217150224206767
"map05221,Acute myeloid leukemia",7.322687974792574,301.9348538542175,0.21882207776386126,-0.2515155717829233
"map05220,Chronic myeloid leukemia",7.684315778766174,306.9519322002773,0.1916486080458339,-0.04680397182139628
"map05217,Basal cell carcinoma",6.517538269709948,304.3517180168197,0.16862048896756401,0.09327167488926691
"map05218,Melanoma",7.343025729999219,308.49552715319334,0.21430719415231872,0.19746690331782038
"map05211,Renal cell carcinoma",7.529212243424794,292.6476478843943,0.15639304940071963,-0.015190204728504554
"map05215,Prostate cancer",6.4083707436671125,299.975996046924,0.2318279902078834,0.030351598449748076
"map05213,Endometrial cancer",5.98038391111995,318.7526087262527,0.25519674205430976,-0.16702858032600462
"map05224,Breast cancer",6.865296582777721,291.1081218191043,0.09185337822290807,0.4179077443389547
"map05222,Small cell lung cancer",7.358771127897981,315.3596380316525,0.15951346476450312,-0.32153220542361177
"map05223,Non-small cell lung cancer",7.751178526048014,299.97910783462646,0.24095771305025987,0.03694811577914489
"map05166,Human T-cell leukemia virus 1 infection",7.037047390209888,291.48581996385553,0.3128747734855849,0.4047212438459279
"map05170,Human immunodeficiency virus 1 infection",7.814307772785646,293.1611416594568,0.21103968538377038,0.0013599689119995538
"map05161,Hepatitis B",6.309949270892554,294.79652691805677,0.17359985293854327,-0.0380078070002989
"map05160,Hepatitis C",6.148308780322423,302.24165946401916,0.200855177944758,-0.07148908456208544
"map05171,Coronavirus disease - COVID-19",6.97222615055169,303.22835488035497,0.27874382095740924,-0.03607833635248157
"map05164,Influenza A",7.192032724469653,292.2629999606142,0.17770179104377323,0.27456969493530603
"map05162,Measles",6.983652625952954,297.7564540773902,0.1700403996674873,-0.44237238226590136
"map05168,Herpes simplex virus 1 infection",5.966278949980062,319.42270358611864,0.18586282389089837,0.3066867402592651
"map05163,Human cytomegalovirus infection",6.9554399802436055,315.2754317010071,0.16233356958706438,-0.28479143049002903
"map05167,Kaposi sarcoma-associated herpesvirus infection",6.347765249747574,302.36323669674033,0.21613351579973977,-0.05333046584688296
"map05169,Epstein-Barr virus infection",7.334836274415019,298.380034781682,0.29123392292347805,-0.08584888405973237
"map05165,Human papillomavirus infection",7.183299123048424,299.2003132671826,0.22615396365580145,0.11771065395414396
"map05110,Vibrio cholerae infection",6.530060106836323,304.13517972730415,0.19738232489368562,-0.3196248703767495
"map05120,Epithelial cell signaling in Helicobacter pylori infection",6.743066541331653,287.77207434801596,0.1954094365542228,0.09243453321638857
"map05130,Pathogenic Escherichia coli infection",6.470393239055524,295.42623462576654,0.13184045956516713,0.40486192465737053
"map05132,Salmonella infection",6.968660451363414,281.3141592612241,0.25415548885735795,-0.2726348009185621
"map05131,Shigellosis",7.477571160250619,301.9922312260528,0.20610814014935988,0.037941233522079135
"map05135,Yersinia infection",6.5071369768322285,304.47195939702743,0.20097600432046872,-0.13239643555932182
"map05134,Legionellosis",6.73487119081378,313.7398676329003,0.22493764541828432,0.003829555483150412
"map05150,Staphylococcus aureus infection",6.603563583868828,285.7423433699766,0.17241044749524076,-0.12829738180886194
"map05152,Tuberculosis",6.946484820022721,283.35625119790177,0.18868212018972283,0.0975744569742148
"map05100,Bacterial invasion of epithelial cells",6.4823788387903125,300.2445181855997,0.2674222854598377,0.3608696219573486
"map05146,Amoebiasis",6.723175347326409,308.47098302612153,0.21566352052688822,-0.03818075834545974
"map05144,Malaria",6.401061053705575,314.8392769145787,0.13808610108413166,0.14395158842963637
"map05145,Toxoplasmosis",7.982362566458194,293.4111573713106,0.2559614467287602,-0.25865459157423276
"map05140,Leishmaniasis",7.017631775985865,308.786808334313,0.17659279572305028,-0.19128727536360177
"map05142,Chagas disease",6.650137246003707,297.6149153049929,0.3036648888108773,0.09448125557607548
"map05143,African trypanosomiasis",7.106989955367111,296.2737270005918,0.26400240328573243,0.296823205707193
"map05310,Asthma",6.9438359751545855,306.83659937486675,0.18763390521706244,0.071122669757132
"map05322,Systemic lupus erythematosus",6.889515200233388,304.5232287841342,0.27405081808675563,-0.06261160610463087
"map05323,Rheumatoid arthritis",7.3070833500217125,282.2360784301575,0.21339277552637015,-0.00014171891532918345
"map05320,Autoimmune thyroid disease",7.378753855023652,312.76540349725894,0.252638683756111,-0.2500815467939435
"map05321,Inflammatory bowel disease",6.734749426194736,311.80091354147453,0.23423664086472373,0.12090306527107336
"map05330,Allograft rejection",6.71209087967766,291.7443729849047,0.16768216725045632,0.17646661246468184
"map05332,Graft-versus-host disease",6.862474151424178,301.9580353343741,0.1778225083841269,-0.09041806656661608
"map05340,Primary immunodeficiency",5.849039417632207,302.94030186282737,0.26149804087905804,-0.09400842955190031
"map05010,Alzheimer disease",6.242404468900724,300.60673765823907,0.19326123339467294,0.0531756459304097
"map05012,Parkinson disease",7.683437133722262,292.4969484615458,0.18981757683790015,-0.08734394720811911
"map05014,Amyotrophic lateral sclerosis",7.822483856750642,291.28376632061946,0.16224387103253235,-0.013226522925164491
"map05016,Huntington disease",6.875481980221811,297.74445929008556,0.23117995327967306,0.4199443578333031
"map05017,Spinocerebellar ataxia",7.288278481527883,309.72729019259367,0.3131262459621572,-0.049405140149199334
"map05020,Prion disease",7.155625077271768,303.43600154594435,0.15662335428728635,-0.07166803040424445
"map05030,Cocaine addiction",7.559787455717288,305.71698710648343,0.28061102777077146,0.14883839429998735
"map05032,Morphine addiction",6.522229779699787,309.48765700372104,0.23261858981248668,-0.1298746076642852
"map05033,Nicotine addiction",6.196776839871214,280.602862212219,0.156880323592656,0.2642608064546024
"map05034,Alcoholism",7.1017318179336115,294.37559058596867,0.23141535486038242,0.28392060090272747
"map05417,Lipid and atherosclerosis",6.6218246273578485,286.80330105373855,0.20064278674977254,-0.12008471314774104
"map05418,Fluid shear stress and atherosclerosis",6.288873145201163,285.05318524279096,0.25928649978399315,-0.37330799027212325
"map05410,Hypertrophic cardiomyopathy",6.676713557878736,309.60826787378517,0.26936930257823755,0.20150273796738444
"map05412,Arrhythmogenic right ventricular cardiomyopathy",6.459225998192802,293.32298798688106,0.3394781821009307,-0.1369259651520008
"map05414,Dilated cardiomyopathy",7.843570817536282,301.4650388173072,0.23898165866067878,0.15812511983255373
"map05415,Diabetic cardiomyopathy",7.440819878474725,297.53079421120816,0.22628981582910832,-0.39402076354236715
"map05416,Viral myocarditis",6.996013679341691,302.77040827223124,0.2197192150788668,0.17851946765986185
"map04930,Type II diabetes mellitus",7.739972069445013,298.76821891060257,0.19234168535946558,-0.24223438585615625
"map04940,Type I diabetes mellitus",7.038684153823809,285.1700777581143,0.22692419217308454,0.1461528238133049
"map04950,Maturity onset diabetes of the young",6.569357899335868,307.9626681944714,0.19522992949304852,0.0028546135672868215
"map04936,Alcoholic liver disease",7.761562038634828,293.06243416838686,0.2184230488134807,-0.190787883879329
"map04932,Non-alcoholic fatty liver disease",7.2694550218423295,282.4341810134025,0.275879876780398,-0.0814072625853561
"map04931,Insulin resistance",6.4813769228367715,293.7188483903409,0.15967287173601794,0.13726369139134018
"map04933,AGE-RAGE signaling pathway in diabetic complications",6.904830660958196,313.0075979063431,0.2669939280564523,0.02117889062304685
"map04934,Cushing syndrome",6.562190873307621,306.5022174211349,0.27585575336699325,0.11688259609449686
"map01501,beta-Lactam resistance",6.308600134517832,294.5134786559214,0.20409657365044606,0.3952881169030971
"map01502,Vancomycin resistance",7.46308877376582,294.50742295681573,0.10390725504957025,-0.31284832234221027
"map01503,Cationic antimicrobial peptide (CAMP) resistance",7.954708320235065,294.78364948782615,0.17960890064527837,0.3234425149937248
"map01521,EGFR tyrosine kinase inhibitor resistance",6.300716213090429,318.7674798356084,0.27484972732805546,0.020871187504642588
"map01524,Platinum drug resistance",7.281484618345285,301.8193545223155,0.2088565968850559,-0.17975680966462565
"map01523,Antifolate resistance",6.674678715439087,302.3004164719107,0.16003488838525445,-0.266062725147798
"map01522,Endocrine resistance",6.756437308117652,308.30283454031843,0.1847612539385891,-0.0378240781554067
"map07011,Penicillins",6.703803037880565,300.38789159026516,0.25203100132522765,0.18433002238489188
"map07012,Cephalosporins - parenteral agents",6.568004615160092,295.409578541793,0.23733667841006895,-0.025509824075506844
"map07013,Cephalosporins - oral agents",7.024260813972414,296.03650150915024,0.19805339504151528,0.3022309860494695
"map07021,Aminoglycosides",6.584524941794481,297.28398740585936,0.19165877940926562,-0.2902351380103118
"map07019,Tetracyclines",7.135228412889919,297.6277776349016,0.1904120925478089,-0.0024177895692109124
"map07020,Macrolides and ketolides",6.974880945275432,305.2762954363698,0.16387949077507485,-0.2504786888826238
"map07014,Quinolones",6.880525976566795,298.519458858073,0.2907687844734721,0.07272637652499357
"map07023,Rifamycins",6.546218168979201,305.3264007721558,0.193883976539433,0.17737747801946008
"map07026,Antifungal agents",6.711614334715834,297.19283419891417,0.2708579260412748,-0.08415235873621066
"map07053,Anti-HIV agents",7.250458593812191,278.01799315467895,0.259915544907398,0.03978962935929891
"map07040,Antineoplastics - alkylating agents",6.511222377600724,307.16327674702484,0.18841898436409757,0.08734771034670191
"map07041,Antineoplastics - antimetabolic agents",7.049666152714613,301.4648847589799,0.23018650451683048,0.08085895099233953
"map07042,Antineoplastics - agents from natural products",7.375693561685894,307.98010109859655,0.2087902196804542,0.24715643836443082
"map07045,Antineoplastics - protein kinase inhibitors",7.271680096189968,318.8837470478073,0.22621796408608014,0.1360432210900899
"map07032,Hypnotics",6.668688120527077,296.60410371844824,0.15104801044200986,0.23850150249559499
"map07030,Anxiolytics",7.28529933429658,309.0818281673752,0.2693839694230782,-0.35571751680130337
"map07033,Anticonvulsants",6.618370421728741,287.6009407287447,0.18676913513508034,0.06393036518379545
"map07015,Local analgesics",6.09755894966774,304.1277390506257,0.22005798279364197,-0.1008359662015343
"map07039,Opioid analgesics",6.186228781058419,287.46584436826345,0.2241643935773071,-0.01630453462032918
"map07028,Antipsychotics",7.024042473330691,291.76231039304196,0.19705475131479613,0.06953529670766727
"map07029,Antipsychotics - phenothiazines",7.129861250860741,317.14031353866784,0.23933469007376373,-0.09744571282271047
"map07031,Antipsychotics - butyrophenones",6.547841687447796,296.0931759923665,0.18625481716887377,-0.13514161583232237
"map07027,Antidepressants",7.319296229388687,300.17432873179723,0.25356486487286223,0.00683048349760492
"map07056,Agents for Alzheimer-type dementia",6.16923996886552,306.70067730688754,0.14270101598766255,-0.21744918777256053
"map07057,Antiparkinsonian agents",6.966960100676341,302.95681887972603,0.21631897897732058,-0.2171650257770371
"map07055,Sulfonamide derivatives - overview",6.394491900118772,299.5041890514358,0.3069464499529142,0.13587465659130069
"map07016,Sulfonamide derivatives - sulfa drugs",6.67408194609892,301.64961002466225,0.15998343376972124,-0.22975880703173124
"map07017,Sulfonamide derivatives - diuretics",7.023699335658207,322.03415585238275,0.1761127514737574,0.13326250018184238
"map07018,Sulfonamide derivatives - hypoglycemic agents",6.569793317358024,297.42381202966413,0.23569539248294574,0.09251825857079024
"map07037,Antiarrhythmic drugs",6.807722227885088,300.01099046714967,0.21897908909697988,-0.34516134575811935
"map07038,Antiulcer drugs",7.50314640460722,308.5065439600761,0.22753150496367797,-0.13551293046713103
"map07046,Immunosuppressive agents",6.711554065238426,309.0552593295798,0.23445935650738317,0.2388218806094745
"map07047,Osteoporosis drugs",7.4178460560325705,309.8703030556038,0.2417360734280885,-0.19623310622793633
"map07048,Antimigraines",6.435146572671191,304.3873022202919,0.2654849920978112,-0.09288085246187754
"map07049,Antithrombosis agents",7.2649020889576414,286.5699508726952,0.23049093284642563,0.0924121786503793
"map07050,Antirheumatics - DMARDs and biological agents",7.72078431032895,314.33431532301097,0.19793711726907287,0.1566781018565191
"map07051,Antidiabetics",5.764177749936355,286.53654606981314,0.24362868506013657,-0.050307777208899146
"map07052,Antidyslipidemic agents",6.601552372264762,301.02635465239035,0.30499409674476075,-0.11950203893832832
"map07054,Antiglaucoma agents",7.28853606359027,290.4572414998064,0.20336831268087133,0.28447397233970156
"map07220,Cholinergic and anticholinergic drugs",6.898477306978504,297.35861653407005,0.1612735347664679,0.3477799327595158
"map07215,alpha-Adrenergic receptor agonists/antagonists",7.185572936685654,301.28762410303483,0.2653540334643486,0.1957716101563591
"map07214,beta-Adrenergic receptor agonists/antagonists",6.698007406642089,301.21357215450274,0.20398094180232007,0.017063628513004813
"map07213,Dopamine receptor agonists/antagonists",7.04329489373645,302.2192075423528,0.10136652269929818,-0.16165314432818528
"map07212,Histamine H1 receptor antagonists",6.92216138230396,314.1371126905865,0.25237108385752105,-0.16608888131131305
"map07227,Histamine H2/H3 receptor agonists/antagonists",7.5838910308299035,302.5353430151398,0.18323359070230386,0.1045028210531515
"map07211,Serotonin receptor agonists/antagonists",7.127210421650607,295.5584336470935,0.20547333588479194,0.08367964417773675
"map07228,Eicosanoid receptor agonists/antagonists",7.168801331037601,307.6408716828836,0.22659901652845071,0.2803197185892859
"map07224,Opioid receptor agonists/antagonists",6.794061516938767,309.8947048892464,0.21952498398895331,0.13009001850722784
"map07229,Angiotensin receptor and endothelin receptor antagonists",6.756196887963753,285.7239218486301,0.24547259085695197,-0.30061606035196364
"map07225,Glucocorticoid and mineralocorticoid receptor agonists/antagonists",6.783720906090189,303.97400069849857,0.1882256814715078,0.21038952354458373
"map07226,""Progesterone, androgen and estrogen receptor agonists/antagonists""",7.1972260711891485,305.011727423109,0.23565528990880413,-0.1996121254628826
"map07223,Retinoic acid receptor (RAR) and retinoid X receptor (RXR) agonists/antagonists",6.789507759589869,295.02436496640007,0.19702266612080413,-0.07679425439047033
"map07222,Peroxisome proliferator-activated receptor (PPAR) agonists",7.1448874284482065,311.7570681331162,0.24694052404437514,0.050040041250338896
"map07221,Nicotinic cholinergic receptor antagonists",8.03770039932272,296.4994441296747,0.24076837420065267,0.39913349795679287
"map07036,Calcium channel blocking drugs",6.836988233916079,296.2692817571613,0.2642991058087516,0.12134461182723655
"map07231,Sodium channel blocking drugs",7.600606961081972,298.1557904758147,0.18320182774429758,-0.03663932374407757
"map07232,Potassium channel blocking and opening drugs",6.795962313489224,287.037249131048,0.25040288991405724,0.10690112969611006
"map07235,N-Methyl-D-aspartic acid (NMDA) receptor antagonists",5.980937732411073,283.59949117405705,0.22836436567006702,0.17753108517476723
"map07233,Ion transporter inhibitors",6.495956844541298,313.9450506322497,0.3019091838397561,-0.06413352511143834
"map07234,Neurotransmitter transporter inhibitors",6.064604039487072,289.53038651681675,0.1988267008814074,0.35904227118246446
"map07216,Catecholamine transferase inhibitors",6.8242432579793455,288.08607650543695,0.19253416019409011,0.04601415183828042
"map07219,Cyclooxygenase inhibitors",7.009209189594776,276.4660988639628,0.20902901970561336,0.09954861781827885
"map07024,HMG-CoA reductase inhibitors",7.8382186561376415,291.610382523105,0.19484101085828623,0.13318485041089229
"map07217,Renin-angiotensin system inhibitors",7.163463686882081,284.76910206592504,0.2499970950971025,0.08431732212289114
"map07218,HIV protease inhibitors",6.890449735595568,314.42015160136367,0.1291844695781706,0.16778810009392245
"map07025,Quinolines",7.414702790591744,308.09817089342636,0.1573158790426823,-0.12345063730938464
"map07034,Eicosanoids",5.894432345496058,291.11849654822277,0.15660985392104032,-0.11166035078920611
"map07035,Prostaglandins",7.117807279054283,320.5243580534431,0.25751537959867876,-0.220030846594339
"map07110,Benzoic acid family",7.385432596943484,307.81765486991594,0.29553066862909627,0.08790024612404529
"map07112,""1,2-Diphenyl substitution family""",6.26070687711008,294.7516861649138,0.20477753907312643,0.15578730070242283
"map07117,Benzodiazepine family",7.169248203747207,320.9094257259074,0.21350260815565905,0.3348984866695075
